{"mean":{"confidence_interval":{"confidence_level":0.95,"lower_bound":948323456.0,"upper_bound":1373732931.4999998},"point_estimate":1129190290.0,"standard_error":107885152.22878526},"median":{"confidence_interval":{"confidence_level":0.95,"lower_bound":932325400.0,"upper_bound":1384213950.0},"point_estimate":977156150.0,"standard_error":91934589.34809527},"median_abs_dev":{"confidence_interval":{"confidence_level":0.95,"lower_bound":17007571.46805525,"upper_bound":560112556.0060143},"point_estimate":80084861.4782095,"standard_error":96726735.76614022},"slope":null,"std_dev":{"confidence_interval":{"confidence_level":0.95,"lower_bound":43055066.13244763,"upper_bound":454429885.06224245},"point_estimate":360415744.07612926,"standard_error":112530398.97049572}}