{"mean":{"confidence_interval":{"confidence_level":0.95,"lower_bound":537338050.0,"upper_bound":581501212.5},"point_estimate":559689950.0,"standard_error":11279216.135410191},"median":{"confidence_interval":{"confidence_level":0.95,"lower_bound":517272050.0,"upper_bound":592884800.0},"point_estimate":581993050.0,"standard_error":25605612.164850682},"median_abs_dev":{"confidence_interval":{"confidence_level":0.95,"lower_bound":1046196.6714262962,"upper_bound":56285796.05072737},"point_estimate":17475702.409744263,"standard_error":17389169.060047958},"slope":null,"std_dev":{"confidence_interval":{"confidence_level":0.95,"lower_bound":23111745.028181378,"upper_bound":40260878.054562725},"point_estimate":37709844.71930227,"standard_error":4426559.179786701}}