{"mean":{"confidence_interval":{"confidence_level":0.95,"lower_bound":166835057.75,"upper_bound":176673280.00000003},"point_estimate":171951653.33333334,"standard_error":2533841.6050581443},"median":{"confidence_interval":{"confidence_level":0.95,"lower_bound":162931666.66666666,"upper_bound":178325633.3333333},"point_estimate":175804966.6666667,"standard_error":4236049.716006191},"median_abs_dev":{"confidence_interval":{"confidence_level":0.95,"lower_bound":142749.66746567943,"upper_bound":13338623.937940903},"point_estimate":7130885.803401455,"standard_error":3642275.0212664274},"slope":null,"std_dev":{"confidence_interval":{"confidence_level":0.95,"lower_bound":4594980.916131389,"upper_bound":9980969.71594979},"point_estimate":8481273.267299978,"standard_error":1345408.9146476719}}