{"mean":{"confidence_interval":{"confidence_level":0.95,"lower_bound":1936440287.25,"upper_bound":1997598093.5},"point_estimate":1966522030.0,"standard_error":15677445.225484297},"median":{"confidence_interval":{"confidence_level":0.95,"lower_bound":1921016000.0,"upper_bound":2027122400.0},"point_estimate":1947296000.0,"standard_error":32225209.99484133},"median_abs_dev":{"confidence_interval":{"confidence_level":0.95,"lower_bound":3961210.6096744537,"upper_bound":76917138.37444782},"point_estimate":57319687.14237213,"standard_error":21073892.232260026},"slope":null,"std_dev":{"confidence_interval":{"confidence_level":0.95,"lower_bound":34391420.239017025,"upper_bound":58589664.75476711},"point_estimate":52408008.730431646,"standard_error":6267281.615048498}}