{"mean":{"confidence_interval":{"confidence_level":0.95,"lower_bound":1134593750.0,"upper_bound":1283175890.0},"point_estimate":1200125140.0,"standard_error":38298806.55473175},"median":{"confidence_interval":{"confidence_level":0.95,"lower_bound":1118686700.0,"upper_bound":1239304750.0},"point_estimate":1187263200.0,"standard_error":26066557.295396958},"median_abs_dev":{"confidence_interval":{"confidence_level":0.95,"lower_bound":598822.129368782,"upper_bound":165201222.48709202},"point_estimate":62296552.8640151,"standard_error":52217145.984707534},"slope":null,"std_dev":{"confidence_interval":{"confidence_level":0.95,"lower_bound":44090287.867781945,"upper_bound":181520725.15618366},"point_estimate":127460056.1491865,"standard_error":40576301.57075562}}