{"mean":{"confidence_interval":{"confidence_level":0.95,"lower_bound":50233585.275,"upper_bound":56975548.66964284},"point_estimate":53508824.420634925,"standard_error":1723147.395027003},"median":{"confidence_interval":{"confidence_level":0.95,"lower_bound":49442047.222222224,"upper_bound":57826625.0},"point_estimate":52414151.66666667,"standard_error":2170351.057556939},"median_abs_dev":{"confidence_interval":{"confidence_level":0.95,"lower_bound":1391259.4603002146,"upper_bound":9461438.240359224},"point_estimate":5214051.241765425,"standard_error":2185531.595551698},"slope":{"confidence_interval":{"confidence_level":0.95,"lower_bound":49400282.02898551,"upper_bound":56331243.91871358},"point_estimate":52309599.74025974,"standard_error":1753386.1715538197},"std_dev":{"confidence_interval":{"confidence_level":0.95,"lower_bound":2992393.0563343866,"upper_bound":7250828.97717355},"point_estimate":5737565.826121563,"standard_error":1069337.6408283932}}